,total_revenue,miles_mean_barrels,region_revenue,roi,beneficio_bootstraping,interval,lose_risk
Region_0,30520891.10826079,145.02321234251198,30020891.10826079,-69.4791088917392,225355.09431238566,212789.94384039863 - 230731.95679114707,0.0
Region_1,-822163.1001779903,110.19759655535778,-1322163.1001779903,-100.82216310017799,-2629.8206845568902,-2748.0472539410157 - -2576.7420197386255,-2629.8206845568902
Region_2,33217543.962432627,148.0194932915918,32717543.962432627,-66.78245603756737,237807.6593239969,228100.57336191577 - 245566.55535308333,0.0
